ST (State FIPS code),STATE (State name),ST_ABBR (State abbreviation),STCNTY (State and County FIPS code),COUNTY (County name),"FIPS (Full FIPS code for the geographic entity (e.g., county, census tract))","LOCATION (Text description of the location (e.g., County Name, State Name))",AREA_SQMI (Area in square miles),E_TOTPOP (Estimated raw count of: Total Population.),M_TOTPOP (Margin of Error for the estimated raw count of: Total Population.),E_HU (Estimated raw count of: Housing Units.),M_HU (Margin of Error for the estimated raw count of: Housing Units.),E_HH (Estimated raw count of: Households.),M_HH (Margin of Error for the estimated raw count of: Households.),E_POV150 (Estimated raw count of: Persons with income below 150% of the poverty level.),M_POV150 (Margin of Error for the estimated raw count of: Persons with income below 150% of the poverty level.),E_UNEMP (Estimated raw count of: Civilians (age 16+) who are unemployed.),M_UNEMP (Margin of Error for the estimated raw count of: Civilians (age 16+) who are unemployed.),E_HBURD (Estimated raw count of: Occupied housing units spending 30% or more of income on housing.),M_HBURD (Margin of Error for the estimated raw count of: Occupied housing units spending 30% or more of income on housing.),E_NOHSDP (Estimated raw count of: Persons (age 25+) with no high school diploma.),M_NOHSDP (Margin of Error for the estimated raw count of: Persons (age 25+) with no high school diploma.),E_UNINSUR (Estimated raw count of: Civilians without health insurance coverage.),M_UNINSUR (Margin of Error for the estimated raw count of: Civilians without health insurance coverage.),E_AGE65 (Estimated raw count of: Persons aged 65 and older.),M_AGE65 (Margin of Error for the estimated raw count of: Persons aged 65 and older.),E_AGE17 (Estimated raw count of: Persons aged 17 and younger.),M_AGE17 (Margin of Error for the estimated raw count of: Persons aged 17 and younger.),E_DISABL (Estimated raw count of: Civilians with a disability.),M_DISABL (Margin of Error for the estimated raw count of: Civilians with a disability.),E_SNGPNT (Estimated raw count of: Households with a single parent and children under 18.),M_SNGPNT (Margin of Error for the estimated raw count of: Households with a single parent and children under 18.),E_LIMENG (Estimated raw count of: Persons (age 5+) who speak English 'less than well'.),M_LIMENG (Margin of Error for the estimated raw count of: Persons (age 5+) who speak English 'less than well'.),E_MINRTY (Estimated raw count of: All persons except non-Hispanic White.),M_MINRTY (Margin of Error for the estimated raw count of: All persons except non-Hispanic White.),E_MUNIT (Estimated raw count of: Housing in structures with 10 or more units.),M_MUNIT (Margin of Error for the estimated raw count of: Housing in structures with 10 or more units.),E_MOBILE (Estimated raw count of: Housing units that are mobile homes.),M_MOBILE (Margin of Error for the estimated raw count of: Housing units that are mobile homes.),E_CROWD (Estimated raw count of: Housing units with more people than rooms.),M_CROWD (Margin of Error for the estimated raw count of: Housing units with more people than rooms.),E_NOVEH (Estimated raw count of: Households with no vehicle available.),M_NOVEH (Margin of Error for the estimated raw count of: Households with no vehicle available.),E_GROUPQ (Estimated raw count of: Persons living in institutional or non-institutional group settings.),M_GROUPQ (Margin of Error for the estimated raw count of: Persons living in institutional or non-institutional group settings.),EP_POV150 (Estimated percentage of: Persons with income below 150% of the poverty level.),MP_POV150 (Margin of Error for the estimated percentage of: Persons with income below 150% of the poverty level.),EP_UNEMP (Estimated percentage of: Civilians (age 16+) who are unemployed.),MP_UNEMP (Margin of Error for the estimated percentage of: Civilians (age 16+) who are unemployed.),EP_HBURD (Estimated percentage of: Occupied housing units spending 30% or more of income on housing.),MP_HBURD (Margin of Error for the estimated percentage of: Occupied housing units spending 30% or more of income on housing.),EP_NOHSDP (Estimated percentage of: Persons (age 25+) with no high school diploma.),MP_NOHSDP (Margin of Error for the estimated percentage of: Persons (age 25+) with no high school diploma.),EP_UNINSUR (Estimated percentage of: Civilians without health insurance coverage.),MP_UNINSUR (Margin of Error for the estimated percentage of: Civilians without health insurance coverage.),EP_AGE65 (Estimated percentage of: Persons aged 65 and older.),MP_AGE65 (Margin of Error for the estimated percentage of: Persons aged 65 and older.),EP_AGE17 (Estimated percentage of: Persons aged 17 and younger.),MP_AGE17 (Margin of Error for the estimated percentage of: Persons aged 17 and younger.),EP_DISABL (Estimated percentage of: Civilians with a disability.),MP_DISABL (Margin of Error for the estimated percentage of: Civilians with a disability.),EP_SNGPNT (Estimated percentage of: Households with a single parent and children under 18.),MP_SNGPNT (Margin of Error for the estimated percentage of: Households with a single parent and children under 18.),EP_LIMENG (Estimated percentage of: Persons (age 5+) who speak English 'less than well'.),MP_LIMENG (Margin of Error for the estimated percentage of: Persons (age 5+) who speak English 'less than well'.),EP_MINRTY (Estimated percentage of: All persons except non-Hispanic White.),MP_MINRTY (Margin of Error for the estimated percentage of: All persons except non-Hispanic White.),EP_MUNIT (Estimated percentage of: Housing in structures with 10 or more units.),MP_MUNIT (Margin of Error for the estimated percentage of: Housing in structures with 10 or more units.),EP_MOBILE (Estimated percentage of: Housing units that are mobile homes.),MP_MOBILE (Margin of Error for the estimated percentage of: Housing units that are mobile homes.),EP_CROWD (Estimated percentage of: Housing units with more people than rooms.),MP_CROWD (Margin of Error for the estimated percentage of: Housing units with more people than rooms.),EP_NOVEH (Estimated percentage of: Households with no vehicle available.),MP_NOVEH (Margin of Error for the estimated percentage of: Households with no vehicle available.),EP_GROUPQ (Estimated percentage of: Persons living in institutional or non-institutional group settings.),MP_GROUPQ (Margin of Error for the estimated percentage of: Persons living in institutional or non-institutional group settings.),EPL_POV150 (Percentile ranking for the percentage of: Persons with income below 150% of the poverty level.),EPL_UNEMP (Percentile ranking for the percentage of: Civilians (age 16+) who are unemployed.),EPL_HBURD (Percentile ranking for the percentage of: Occupied housing units spending 30% or more of income on housing.),EPL_NOHSDP (Percentile ranking for the percentage of: Persons (age 25+) with no high school diploma.),EPL_UNINSUR (Percentile ranking for the percentage of: Civilians without health insurance coverage.),SPL_THEME1 (Summed percentile ranks for the Socioeconomic Status theme.),"RPL_THEME1 (Overall percentile ranking for the Socioeconomic Status theme (0 = least vulnerable, 1 = most vulnerable).)",EPL_AGE65 (Percentile ranking for the percentage of: Persons aged 65 and older.),EPL_AGE17 (Percentile ranking for the percentage of: Persons aged 17 and younger.),EPL_DISABL (Percentile ranking for the percentage of: Civilians with a disability.),EPL_SNGPNT (Percentile ranking for the percentage of: Households with a single parent and children under 18.),EPL_LIMENG (Percentile ranking for the percentage of: Persons (age 5+) who speak English 'less than well'.),SPL_THEME2 (Summed percentile ranks for the Household Characteristics theme.),"RPL_THEME2 (Overall percentile ranking for the Household Characteristics theme (0 = least vulnerable, 1 = most vulnerable).)",EPL_MINRTY (Percentile ranking for the percentage of: All persons except non-Hispanic White.),SPL_THEME3 (Summed percentile ranks for the Racial & Ethnic Minority Status theme.),"RPL_THEME3 (Overall percentile ranking for the Racial & Ethnic Minority Status theme (0 = least vulnerable, 1 = most vulnerable).)",EPL_MUNIT (Percentile ranking for the percentage of: Housing in structures with 10 or more units.),EPL_MOBILE (Percentile ranking for the percentage of: Housing units that are mobile homes.),EPL_CROWD (Percentile ranking for the percentage of: Housing units with more people than rooms.),EPL_NOVEH (Percentile ranking for the percentage of: Households with no vehicle available.),EPL_GROUPQ (Percentile ranking for the percentage of: Persons living in institutional or non-institutional group settings.),SPL_THEME4 (Summed percentile ranks for the Housing Type & Transportation theme.),"RPL_THEME4 (Overall percentile ranking for the Housing Type & Transportation theme (0 = least vulnerable, 1 = most vulnerable).)",SPL_THEMES (Sum of the four theme sums (SPL_THEME1 through SPL_THEME4).),"RPL_THEMES (Overall Social Vulnerability Index (SVI) score. The final percentile rank of the summed themes (0 = least vulnerable, 1 = most vulnerable).)","F_POV150 (Flag indicating the percentile rank for the variable is in the top 10% (>= 90th percentile). (1 = Flagged, 0 = Not Flagged) for: Persons with income below 150% of the poverty level.)","F_UNEMP (Flag indicating the percentile rank for the variable is in the top 10% (>= 90th percentile). (1 = Flagged, 0 = Not Flagged) for: Civilians (age 16+) who are unemployed.)","F_HBURD (Flag indicating the percentile rank for the variable is in the top 10% (>= 90th percentile). (1 = Flagged, 0 = Not Flagged) for: Occupied housing units spending 30% or more of income on housing.)","F_NOHSDP (Flag indicating the percentile rank for the variable is in the top 10% (>= 90th percentile). (1 = Flagged, 0 = Not Flagged) for: Persons (age 25+) with no high school diploma.)","F_UNINSUR (Flag indicating the percentile rank for the variable is in the top 10% (>= 90th percentile). (1 = Flagged, 0 = Not Flagged) for: Civilians without health insurance coverage.)",F_THEME1 (Total number of flagged variables within the Socioeconomic Status theme.),"F_AGE65 (Flag indicating the percentile rank for the variable is in the top 10% (>= 90th percentile). (1 = Flagged, 0 = Not Flagged) for: Persons aged 65 and older.)","F_AGE17 (Flag indicating the percentile rank for the variable is in the top 10% (>= 90th percentile). (1 = Flagged, 0 = Not Flagged) for: Persons aged 17 and younger.)","F_DISABL (Flag indicating the percentile rank for the variable is in the top 10% (>= 90th percentile). (1 = Flagged, 0 = Not Flagged) for: Civilians with a disability.)","F_SNGPNT (Flag indicating the percentile rank for the variable is in the top 10% (>= 90th percentile). (1 = Flagged, 0 = Not Flagged) for: Households with a single parent and children under 18.)","F_LIMENG (Flag indicating the percentile rank for the variable is in the top 10% (>= 90th percentile). (1 = Flagged, 0 = Not Flagged) for: Persons (age 5+) who speak English 'less than well'.)",F_THEME2 (Total number of flagged variables within the Household Characteristics theme.),"F_MINRTY (Flag indicating the percentile rank for the variable is in the top 10% (>= 90th percentile). (1 = Flagged, 0 = Not Flagged) for: All persons except non-Hispanic White.)",F_THEME3 (Total number of flagged variables within the Racial & Ethnic Minority Status theme.),"F_MUNIT (Flag indicating the percentile rank for the variable is in the top 10% (>= 90th percentile). (1 = Flagged, 0 = Not Flagged) for: Housing in structures with 10 or more units.)","F_MOBILE (Flag indicating the percentile rank for the variable is in the top 10% (>= 90th percentile). (1 = Flagged, 0 = Not Flagged) for: Housing units that are mobile homes.)","F_CROWD (Flag indicating the percentile rank for the variable is in the top 10% (>= 90th percentile). (1 = Flagged, 0 = Not Flagged) for: Housing units with more people than rooms.)","F_NOVEH (Flag indicating the percentile rank for the variable is in the top 10% (>= 90th percentile). (1 = Flagged, 0 = Not Flagged) for: Households with no vehicle available.)","F_GROUPQ (Flag indicating the percentile rank for the variable is in the top 10% (>= 90th percentile). (1 = Flagged, 0 = Not Flagged) for: Persons living in institutional or non-institutional group settings.)",F_THEME4 (Total number of flagged variables within the Housing Type & Transportation theme.),F_TOTAL (Total number of flagged variables for the geographic entity (sum of all 16 individual flags).),E_DAYPOP (Adjunct Variable: Estimated daytime population from LandScan. Not used in SVI calculation.),E_NOINT (Estimated raw count of: Households without an internet subscription.),M_NOINT (Margin of Error for the estimated raw count of: Households without an internet subscription.),E_AFAM (Estimated raw count of: Persons of Black or African American race.),M_AFAM (Margin of Error for the estimated raw count of: Persons of Black or African American race.),E_HISP (Estimated raw count of: Persons of Hispanic or Latino origin.),M_HISP (Margin of Error for the estimated raw count of: Persons of Hispanic or Latino origin.),E_ASIAN (Estimated raw count of: Persons of Asian race.),M_ASIAN (Margin of Error for the estimated raw count of: Persons of Asian race.),E_AIAN (Estimated raw count of: Persons of American Indian or Alaska Native race.),M_AIAN (Margin of Error for the estimated raw count of: Persons of American Indian or Alaska Native race.),E_NHPI (Estimated raw count of: Persons of Native Hawaiian or Other Pacific Islander race.),M_NHPI (Margin of Error for the estimated raw count of: Persons of Native Hawaiian or Other Pacific Islander race.),E_TWOMORE (Estimated raw count of: Persons of two or more races.),M_TWOMORE (Margin of Error for the estimated raw count of: Persons of two or more races.),E_OTHERRACE (Estimated raw count of: Persons of some other race.),M_OTHERRACE (Margin of Error for the estimated raw count of: Persons of some other race.),EP_NOINT (Estimated percentage of: Households without an internet subscription.),MP_NOINT (Margin of Error for the estimated percentage of: Households without an internet subscription.),EP_AFAM (Estimated percentage of: Persons of Black or African American race.),MP_AFAM (Margin of Error for the estimated percentage of: Persons of Black or African American race.),EP_HISP (Estimated percentage of: Persons of Hispanic or Latino origin.),MP_HISP (Margin of Error for the estimated percentage of: Persons of Hispanic or Latino origin.),EP_ASIAN (Estimated percentage of: Persons of Asian race.),MP_ASIAN (Margin of Error for the estimated percentage of: Persons of Asian race.),EP_AIAN (Estimated percentage of: Persons of American Indian or Alaska Native race.),MP_AIAN (Margin of Error for the estimated percentage of: Persons of American Indian or Alaska Native race.),EP_NHPI (Estimated percentage of: Persons of Native Hawaiian or Other Pacific Islander race.),MP_NHPI (Margin of Error for the estimated percentage of: Persons of Native Hawaiian or Other Pacific Islander race.),EP_TWOMORE (Estimated percentage of: Persons of two or more races.),MP_TWOMORE (Margin of Error for the estimated percentage of: Persons of two or more races.),EP_OTHERRACE (Estimated percentage of: Persons of some other race.),MP_OTHERRACE (Margin of Error for the estimated percentage of: Persons of some other race.)
01,Alabama,AL,01001,Autauga County,01001,"Autauga County, Alabama",594.4547864,58761,0,24457,41,22308,369,11780,1363,752,215,4389,582,3857,512,4225,753,9176,98,13766,42,9425,631,1247,296,203,198,16126,224,970,374,3805,440,307,163,888,237,551,21,20.2,2.3,2.8,0.8,19.7,2.6,9.6,1.3,7.4,1.3,15.6,0.2,23.4,0.1,16.4,1.1,5.6,1.3,0.4,0.4,27.4,0.4,3.9,1.5,15.6,1.8,1.4,0.7,4,1.1,0.9,0,0.0909,0.0152,0.3182,0.0909,0.0758,0.591,0.0152,0.0909,0.8636,0.2576,0.303,0.3485,1.8636,0.1212,0.4242,0.4242,0.4242,0.7424,0.303,0.4394,0.1212,0.0303,1.6363,0.0909,4.5151,0.0152,0,0,0,0,0,0,0,0,0,0,0,0,0,0,0,0,0,0,0,0,0,42938,2425,385,11496,525,1864,0,636,213,59,71,0,30,1930,598,141,183,10.9,1.7,19.6,0.9,3.2,0,1.1,0.4,0.1,0.1,0,0.1,3.3,1,0.2,0.3
01,Alabama,AL,01003,Baldwin County,01003,"Baldwin County, Alabama",1589.861816637086,233420,0,125113,85,90802,1229,42088,2875,3825,609,21039,1527,14031,1216,21472,1920,49499,64,49396,0,31878,1668,3849,567,1741,496,41259,1020,20730,1122,12752,1015,1801,432,2056,396,3401,75,18.3,1.3,3.4,0.6,23.2,1.7,8.4,0.7,9.3,0.8,21.2,0.1,21.2,0,13.9,0.7,4.2,0.6,0.8,0.2,17.7,0.4,16.6,0.9,10.2,0.8,1.9,0.5,2.3,0.4,1.5,0,0.0455,0.0909,0.6818,0.0455,0.3788,1.2425,0.1061,0.8182,0.4091,0.0909,0.0909,0.6061,2.0152,0.2121,0.197,0.197,0.197,0.9848,0.1212,0.7121,0,0.3333,2.1514,0.3485,5.6061,0.1212,0,0,0,0,0,0,0,0,0,0,0,0,0,0,1,0,0,0,0,1,1,226339,9867,998,19318,730,11210,0,2046,347,512,187,22,26,7159,918,992,807,10.9,1.1,8.3,0.3,4.8,0,0.9,0.1,0.2,0.1,0,0.1,3.1,0.4,0.4,0.3
01,Alabama,AL,01005,Barbour County,01005,"Barbour County, Alabama",885.0076186,24877,0,11673,52,9016,304,8248,594,516,162,2260,321,4155,360,2348,318,4926,28,5151,26,3970,394,1012,169,467,239,13793,174,154,85,3409,323,345,157,1058,193,2988,104,37.7,2.7,5.8,1.8,25.1,3.5,23.5,2,10.7,1.4,19.8,0.1,20.7,0.1,18.1,1.8,11.3,1.8,2,1,55.4,0.7,1.4,0.7,29.2,2.8,3.8,1.7,11.7,2.1,12,0.4,0.8636,0.6061,0.803,0.9848,0.6515,3.909,0.9394,0.5758,0.2424,0.4091,0.9545,0.9091,3.0909,0.9091,0.8182,0.8182,0.8182,0.3939,0.803,0.9848,0.9545,0.9848,4.121,1,11.9391,0.9848,0,0,0,1,0,1,0,0,0,1,1,2,0,0,0,0,1,1,1,3,6,27455,2865,304,11662,218,1202,0,126,26,63,37,3,4,447,174,290,201,31.8,3.3,46.9,0.9,4.8,0,0.5,0.1,0.3,0.1,0,0.1,1.8,0.7,1.2,0.8
01,Alabama,AL,01007,Bibb County,01007,"Bibb County, Alabama",622.4692865,22251,0,9046,97,7216,252,6047,940,786,269,1671,336,3366,440,1760,386,3734,131,4715,97,4097,474,515,183,61,106,5731,34,236,161,2765,388,94,64,544,255,1421,278,29,4.5,8.7,3,23.2,4.6,21.1,2.8,8.4,1.9,16.8,0.6,21.2,0.4,19.6,2.2,7.2,2.5,0.3,0.5,25.8,0.2,2.7,1.8,30.6,4.3,1.3,0.9,7.5,3.5,6.4,1.2,0.5,0.8636,0.6818,0.9394,0.2121,3.1969,0.7424,0.197,0.4091,0.5,0.6061,0.2727,1.9849,0.197,0.4091,0.4091,0.4091,0.6212,0.8636,0.3182,0.7273,0.8788,3.4091,0.9242,9,0.7273,0,0,0,1,0,1,0,0,0,0,0,0,0,0,0,0,0,0,0,0,1,18664,1461,309,4598,294,650,0,69,94,15,23,0,24,382,220,17,30,20.2,4.3,20.7,1.3,2.9,0,0.3,0.4,0.1,0.1,0,0.2,1.7,1,0.1,0.1
01,Alabama,AL,01009,Blount County,01009,"Blount County, Alabama",644.8903763,59077,0,24677,50,21626,386,13348,1075,1578,354,4186,467,7447,632,5948,749,10791,132,13564,112,9948,805,1149,231,1222,277,8463,377,232,111,5901,578,511,158,1047,271,612,20,22.9,1.8,6,1.3,19.4,2.1,18.2,1.5,10.2,1.3,18.3,0.2,23,0.2,17,1.4,5.3,1.1,2.2,0.5,14.3,0.6,0.9,0.4,23.9,2.3,2.3,0.7,4.8,1.2,1,0,0.1364,0.6364,0.303,0.8182,0.5758,2.4698,0.4697,0.3636,0.803,0.3485,0.2121,0.9394,2.6666,0.6364,0.1061,0.1061,0.1061,0.2121,0.5606,0.8333,0.2727,0.0909,1.9696,0.2273,7.2121,0.3636,0,0,0,0,0,0,0,0,0,0,1,1,0,0,0,0,0,0,0,0,1,39822,3654,454,729,196,5721,0,100,96,75,46,117,96,1634,388,87,80,16.9,2.1,1.2,0.3,9.7,0,0.2,0.2,0.1,0.1,0.2,0.2,2.8,0.7,0.1,0.1
01,Alabama,AL,01011,Bullock County,01011,"Bullock County, Alabama",622.8147532,10328,0,4541,31,3450,214,4559,567,144,146,804,224,1905,318,1176,278,1714,20,2175,0,1078,260,565,191,172,127,8203,75,187,116,1927,261,29,39,359,131,738,61,47.4,5.9,3.7,3.7,23.3,6.3,26.6,4.4,12.2,2.9,16.6,0.4,21.1,0,11.2,2.7,16.3,5.4,1.8,1.3,79.4,0.7,4.1,2.6,42.4,5.8,0.8,1.1,10.4,3.8,7.1,0.6,0.9697,0.1515,0.7121,1,0.9394,3.7727,0.9242,0.1667,0.3333,0,1,0.8788,2.3788,0.3788,0.9697,0.9697,0.9697,0.7727,1,0.1364,0.8485,0.9091,3.6667,0.9848,10.7879,0.9394,1,0,0,1,1,3,0,0,0,1,0,1,1,1,0,1,0,0,1,2,7,8449,1325,246,7117,88,907,0,43,49,0,20,0,20,136,112,0,20,38.4,7.1,68.9,0.8,8.8,0,0.4,0.5,0,0.4,0,0.4,1.3,1.1,0,0.4
01,Alabama,AL,01013,Butler County,01013,"Butler County, Alabama",776.8382078,18981,0,9835,27,7131,321,6299,599,548,201,1607,244,1646,272,2053,383,4021,87,4234,88,3020,337,514,133,12,76,9326,18,80,47,2116,234,42,32,359,95,335,8,33.8,3.2,6.8,2.5,22.5,3.3,12.4,2,11,2,21.2,0.5,22.3,0.5,16.2,1.8,7.2,1.8,0.1,0.4,49.1,0.1,0.8,0.5,21.5,2.4,0.6,0.4,5,1.3,1.8,0,0.7727,0.7424,0.6212,0.2424,0.7121,3.0908,0.697,0.8182,0.6364,0.2273,0.6061,0.1212,2.4092,0.4697,0.7727,0.7727,0.7727,0.1667,0.4848,0.0606,0.3182,0.5152,1.5455,0.0758,7.8182,0.4848,0,0,0,0,0,0,0,0,0,0,0,0,0,0,0,0,0,0,0,0,0,17805,1525,222,8462,68,322,0,243,59,69,51,0,20,222,106,8,11,21.4,3,44.6,0.4,1.7,0,1.3,0.3,0.4,0.3,0,0.2,1.2,0.6,0,0.1
01,Alabama,AL,01015,Calhoun County,01015,"Calhoun County, Alabama",605.8899365,116162,0,53167,70,44693,646,32247,1864,3692,568,10291,804,11783,809,12430,1077,20794,97,24599,0,23123,1192,3113,459,553,214,34311,287,2008,316,7780,690,768,217,2490,390,3689,128,28.7,1.7,6.9,1.1,23,1.8,14.9,1,10.8,0.9,17.9,0.1,21.2,0,20.2,1,6.9,1,0.5,0.2,29.5,0.2,3.7,0.6,14.6,1.3,1.7,0.5,5.6,0.9,3.2,0.1,0.4697,0.7727,0.6515,0.4242,0.6667,2.9848,0.6667,0.3182,0.4091,0.5606,0.5303,0.4091,2.2273,0.303,0.4545,0.4545,0.4545,0.7273,0.2576,0.6061,0.4242,0.7727,2.7879,0.7424,8.4545,0.6515,0,0,0,0,0,0,0,0,0,0,0,0,0,0,0,0,0,0,0,0,0,120551,7398,658,25204,415,4736,0,708,138,174,92,207,190,2855,389,427,275,16.6,1.4,21.7,0.4,4.1,0,0.6,0.1,0.1,0.1,0.2,0.2,2.5,0.3,0.4,0.2
01,Alabama,AL,01017,Chambers County,01017,"Chambers County, Alabama",596.554065,34612,0,16427,29,13143,375,9779,1047,559,197,3037,384,4087,492,3684,558,6830,43,7191,43,7113,561,735,269,88,113,15818,65,1183,283,2237,306,701,283,916,195,638,26,28.8,3.1,3.6,1.2,23.1,2.8,16.5,2,10.8,1.6,19.7,0.1,20.8,0.1,20.8,1.6,5.6,2,0.3,0.3,45.7,0.2,7.2,1.7,13.6,1.9,5.3,2.1,7,1.4,1.8,0.1,0.4848,0.1212,0.6667,0.5152,0.6667,2.4546,0.4394,0.5455,0.2727,0.6364,0.303,0.2727,2.0303,0.2273,0.7121,0.7121,0.7121,0.8939,0.2424,1,0.6818,0.5152,3.3333,0.8788,8.5303,0.6818,0,0,0,0,0,0,0,0,0,0,0,0,0,0,0,0,1,0,0,1,1,26891,2819,376,14107,153,1129,0,60,54,10,22,3,5,446,138,63,63,21.4,2.7,40.8,0.4,3.3,0,0.2,0.2,0,0.1,0,0.1,1.3,0.4,0.2,0.2
01,Alabama,AL,01019,Cherokee County,01019,"Cherokee County, Alabama",553.5238774,25069,0,14687,43,9997,438,6322,842,425,160,1986,294,3348,424,2533,434,5827,67,4726,17,5026,459,453,127,227,154,2320,101,174,72,3945,417,72,46,324,113,298,12,25.6,3.4,4,1.5,19.9,2.8,18.1,2.3,10.2,1.8,23.2,0.3,18.9,0.1,20.3,1.9,4.6,1.3,0.9,0.6,9.3,0.4,1.2,0.5,26.9,2.8,0.7,0.5,3.2,1.1,1.2,0,0.2273,0.2424,0.3485,0.7727,0.5758,2.1667,0.3636,0.9394,0.0303,0.5758,0.1061,0.6515,2.3031,0.3485,0.0606,0.0606,0.0606,0.3636,0.7273,0.0909,0.0606,0.1818,1.4242,0.0152,5.9546,0.1667,0,0,0,0,0,0,1,0,0,0,0,1,0,0,0,0,0,0,0,0,1,18817,2183,313,1000,142,479,0,21,58,113,77,0,24,691,173,16,25,21.8,2.9,4,0.6,1.9,0,0.1,0.2,0.5,0.3,0,0.1,2.8,0.7,0.1,0.1
01,Alabama,AL,01021,Chilton County,01021,"Chilton County, Alabama",692.8364509,45140,0,19546,27,16931,420,10122,1205,1056,290,2713,438,5460,659,5146,625,7605,189,10705,42,8682,666,636,183,908,374,9426,233,81,78,5976,524,439,148,556,195,459,19,22.8,2.7,5.3,1.4,16,2.6,17.8,2.2,11.5,1.4,16.8,0.4,23.7,0.1,19.4,1.5,3.8,1.1,2.1,0.9,20.9,0.5,0.5,0.4,30.6,2.7,2.6,0.9,3.3,1.1,1,0,0.1212,0.4848,0.0303,0.697,0.8485,2.1818,0.3788,0.197,0.9242,0.4848,0.0455,0.9242,2.5757,0.5758,0.2424,0.2424,0.2424,0.1061,0.8636,0.8788,0.0758,0.0909,2.0152,0.2727,7.0151,0.3182,0,0,0,0,0,0,0,1,0,0,1,2,0,0,0,0,0,0,0,0,2,34662,3152,423,4254,228,3664,0,229,48,17,12,15,29,929,240,318,216,18.6,2.5,9.4,0.5,8.1,0,0.5,0.1,0,0.1,0,0.1,2.1,0.5,0.7,0.5
01,Alabama,AL,01023,Choctaw County,01023,"Choctaw County, Alabama",913.4787538,12669,0,7138,23,5228,255,3982,492,249,121,1011,193,1594,253,1034,339,2950,4,2526,59,2955,333,339,129,38,81,5507,20,66,45,2387,287,32,32,297,126,171,15,31.9,3.9,5.2,2.5,19.3,3.6,17.6,2.9,8.2,2.7,23.3,0.1,19.9,0.5,23.6,2.7,6.5,2.4,0.3,0.7,43.5,0.2,0.9,0.6,33.4,4,0.6,0.6,5.7,2.4,1.3,0.1,0.6667,0.4697,0.2879,0.6667,0.1515,2.2425,0.4242,0.9545,0.1061,0.8788,0.5,0.2727,2.7121,0.6667,0.6667,0.6667,0.6667,0.2121,0.9242,0.0606,0.4394,0.2121,1.8484,0.1818,7.4697,0.4091,0,0,0,0,0,0,1,0,0,0,0,1,0,0,0,1,0,0,0,1,2,11793,1594,235,5055,174,143,0,15,24,28,30,0,20,266,165,0,20,30.5,4.3,39.9,1.4,1.1,0,0.1,0.2,0.2,0.2,0,0.3,2.1,1.3,0,0.3
01,Alabama,AL,01025,Clarke County,01025,"Clarke County, Alabama",1238.419880434466,23058,0,11733,36,8188,344,6742,726,1116,307,1637,263,2980,397,2166,411,4700,24,5075,93,4454,430,645,168,21,94,11249,99,162,102,2956,347,117,77,869,235,373,12,29.7,3.2,12.5,3.3,20,3.1,18.6,2.5,9.5,1.8,20.4,0.1,22,0.4,19.6,1.9,7.8,2,0.1,0.4,48.8,0.4,1.4,0.9,25.2,3,1.4,0.9,10.6,2.8,1.6,0.1,0.5606,0.9697,0.3788,0.8485,0.4394,3.197,0.7576,0.697,0.5606,0.5,0.7576,0.1212,2.6364,0.6212,0.7576,0.7576,0.7576,0.3939,0.6212,0.4394,0.8788,0.4091,2.7424,0.6818,9.3334,0.7727,0,1,0,0,0,1,0,0,0,0,0,0,0,0,0,0,0,0,0,0,1,23287,2373,348,10479,91,335,0,90,30,15,17,0,24,184,88,146,98,29,3.9,45.4,0.4,1.5,0,0.4,0.1,0.1,0.1,0,0.2,0.8,0.4,0.6,0.4
01,Alabama,AL,01027,Clay County,01027,"Clay County, Alabama",603.9621485,14209,0,7040,22,5485,250,4043,677,315,126,1130,226,1675,255,1124,299,2959,71,2910,0,2722,364,307,87,6,80,2824,55,45,28,1684,281,115,73,349,102,262,8,29.1,4.9,5.7,2.3,20.6,4,16.7,2.5,8.1,2.1,20.8,0.5,20.5,0,19.6,2.6,5.6,1.6,0,0.6,19.9,0.4,0.7,0.4,23.9,4,2.1,1.3,6.4,1.9,1.8,0.1,0.5152,0.5758,0.3939,0.5606,0.1364,2.1819,0.3939,0.7424,0.1818,0.5,0.303,0,1.7272,0.0758,0.2273,0.2273,0.2273,0.1364,0.5606,0.7879,0.5455,0.5152,2.5456,0.5758,6.682,0.2424,0,0,0,0,0,0,0,0,0,0,0,0,0,0,0,0,0,0,0,0,0,12537,1366,239,1790,217,437,0,36,42,0,20,0,20,549,219,12,20,24.9,4.2,12.6,1.5,3.1,0,0.3,0.3,0,0.3,0,0.3,3.9,1.5,0.1,0.1
01,Alabama,AL,01029,Cleburne County,01029,"Cleburne County, Alabama",560.1052185,15144,0,6818,23,5761,196,4145,701,152,84,1028,207,1855,232,1512,306,2974,90,3446,57,3211,336,284,100,53,78,1180,49,23,36,2147,239,151,67,389,142,169,8,27.7,4.7,2.6,1.4,17.8,3.5,17.5,2.2,10.1,2,19.6,0.6,22.8,0.4,21.4,2.2,4.9,1.7,0.4,0.5,7.8,0.3,0.3,0.5,31.5,3.5,2.6,1.2,6.8,2.5,1.1,0.1,0.3939,0,0.1061,0.6515,0.5455,1.697,0.2121,0.5152,0.7273,0.7424,0.1515,0.3485,2.4849,0.5303,0.0152,0.0152,0.0152,0.0606,0.8939,0.8788,0.6061,0.1515,2.5909,0.5909,6.788,0.2727,0,0,0,0,0,0,0,0,0,0,0,0,0,0,0,0,0,0,0,0,0,11222,1500,222,411,64,401,0,15,24,22,23,0,20,303,79,28,38,26,3.8,2.7,0.4,2.6,0,0.1,0.2,0.1,0.2,0,0.2,2,0.5,0.2,0.2
01,Alabama,AL,01031,Coffee County,01031,"Coffee County, Alabama",678.9858219,53559,0,24155,58,20363,424,13795,922,1095,240,4203,471,4891,470,5590,503,9165,13,12670,0,9438,536,1793,291,839,235,16684,78,385,141,3204,312,414,126,807,160,711,23,26.2,1.7,4.8,1,20.6,2.3,13.4,1.3,10.9,1,17.1,0.1,23.7,0,18.3,1,8.8,1.4,1.7,0.5,31.2,0.1,1.6,0.6,13.3,1.3,2,0.6,4,0.8,1.3,0,0.2727,0.4091,0.3939,0.303,0.697,2.0757,0.3333,0.2273,0.9242,0.4394,0.8333,0.8636,3.2878,0.9848,0.5,0.5,0.5,0.4545,0.2273,0.7727,0.1212,0.2121,1.7878,0.1212,7.6513,0.4545,0,0,0,0,0,0,0,1,0,0,0,1,0,0,0,0,0,0,0,0,1,49797,3013,314,8598,410,4500,0,563,136,277,103,8,14,2667,419,71,59,14.8,1.5,16.1,0.8,8.4,0,1.1,0.3,0.5,0.2,0,0.1,5,0.8,0.1,0.1
01,Alabama,AL,01033,Colbert County,01033,"Colbert County, Alabama",592.9531619,57270,0,27709,53,23266,475,13091,1315,903,199,5338,626,5561,564,4514,672,11453,67,11977,80,9850,603,1469,321,495,287,12785,46,848,218,2318,370,326,146,1089,235,498,50,23.1,2.3,3.4,0.7,22.9,2.6,13.6,1.4,7.9,1.2,20,0.1,20.9,0.1,17.3,1.1,6.3,1.4,0.9,0.5,22.3,0.1,3.1,0.8,8.4,1.3,1.4,0.6,4.7,1,0.9,0.1,0.1515,0.0909,0.6364,0.3182,0.1212,1.3182,0.1212,0.6364,0.2879,0.3788,0.4394,0.6515,2.394,0.4394,0.2879,0.2879,0.2879,0.6515,0.0758,0.4394,0.2424,0.0303,1.4394,0.0303,5.4395,0.0909,0,0,0,0,0,0,0,0,0,0,0,0,0,0,0,0,0,0,0,0,0,60833,5539,511,9171,259,1837,0,214,95,170,96,53,49,1262,292,78,87,23.8,2.1,16,0.5,3.2,0,0.4,0.2,0.3,0.2,0.1,0.1,2.2,0.5,0.1,0.2
01,Alabama,AL,01035,Conecuh County,01035,"Conecuh County, Alabama",850.278992,11576,0,6451,24,4453,226,4445,580,171,90,795,195,886,257,988,259,2714,0,2368,0,2411,365,247,119,0,80,5825,20,86,93,1679,252,32,42,312,153,58,8,38.6,5,4.4,2.2,17.9,4.3,10.6,3.1,8.6,2.3,23.4,0,20.5,0,20.9,3.2,5.6,2.7,0,0.7,50.3,0.2,1.3,1.4,26,3.9,0.7,0.9,7,3.4,0.5,0.1,0.8939,0.3485,0.1212,0.1061,0.2727,1.7424,0.2273,0.9697,0.1818,0.697,0.303,0,2.1515,0.2879,0.7879,0.7879,0.7879,0.3788,0.6818,0.0909,0.6818,0,1.8333,0.1667,6.5151,0.2273,0,0,0,0,0,0,1,0,0,0,0,1,0,0,0,0,0,0,0,0,1,10735,1471,264,5553,132,80,98,36,32,33,37,0,20,111,68,12,21,33,5.6,48,1.1,0.7,0.8,0.3,0.3,0.3,0.3,0,0.3,1,0.6,0.1,0.2
01,Alabama,AL,01037,Coosa County,01037,"Coosa County, Alabama",650.9088841,10329,0,6045,19,3999,204,2215,391,178,127,612,161,1329,276,612,202,2523,44,1658,71,2537,347,187,95,0,80,3697,103,9,11,1813,223,144,91,151,64,360,16,22.2,3.9,4.4,3,15.3,3.9,16.5,3.4,6.2,2,24.4,0.4,16.1,0.7,25.6,3.5,4.7,2.4,0,0.8,35.8,1,0.1,0.2,30,3.7,3.7,2.3,3.8,1.6,3.5,0.2,0.1061,0.3485,0.0152,0.5152,0,0.985,0.0909,1,0,0.9697,0.1212,0,2.0909,0.2424,0.5909,0.5909,0.5909,0.0303,0.8333,0.9697,0.1061,0.7879,2.7273,0.6515,6.3941,0.2121,0,0,0,0,0,0,1,0,1,0,0,2,0,0,0,0,1,0,0,1,3,6473,861,193,3120,33,284,0,0,20,9,15,0,20,227,89,57,77,21.5,4.7,30.2,0.3,2.7,0,0,0.4,0.1,0.1,0,0.4,2.2,0.9,0.6,0.8
01,Alabama,AL,01039,Covington County,01039,"Covington County, Alabama",1030.570161,37542,0,18644,40,14194,365,11085,1010,877,241,2963,369,3767,462,3798,687,8165,59,8227,13,7690,531,1027,239,27,101,6584,85,179,74,3795,412,217,100,902,206,722,29,30.1,2.7,5.5,1.5,20.9,2.5,14.2,1.7,10.3,1.9,21.7,0.2,21.9,0.1,20.8,1.4,7.2,1.7,0.1,0.3,17.5,0.2,1,0.4,20.4,2.2,1.6,0.7,6.4,1.4,1.9,0.1,0.6061,0.5455,0.4848,0.3485,0.6061,2.591,0.5152,0.8636,0.5303,0.6364,0.6061,0.1212,2.7576,0.7576,0.1818,0.1818,0.1818,0.2727,0.4394,0.5455,0.5455,0.5758,2.3789,0.5455,7.9093,0.5455,0,0,0,0,0,0,0,0,0,0,0,0,0,0,0,0,0,0,0,0,0,35955,3084,348,4606,233,749,0,218,15,101,66,0,27,825,261,85,83,21.7,2.3,12.3,0.6,2,0,0.6,0.1,0.3,0.2,0,0.1,2.2,0.7,0.2,0.2
01,Alabama,AL,01041,Crenshaw County,01041,"Crenshaw County, Alabama",608.8646157,13205,0,6553,29,4839,194,3660,386,332,149,1001,167,1640,210,1101,225,2611,84,3020,95,2184,242,256,91,66,95,3979,18,28,23,1720,206,51,33,354,114,248,9,28.4,3,6.1,2.6,20.7,3.3,17.9,2.3,8.5,1.7,19.8,0.6,22.9,0.7,16.9,1.9,5.3,1.9,0.5,0.8,30.1,0.1,0.4,0.4,26.2,3.1,1.1,0.7,7.3,2.3,1.9,0.1,0.4545,0.6818,0.4545,0.7121,0.2424,2.5453,0.4848,0.5758,0.7576,0.3333,0.2121,0.4091,2.2879,0.3333,0.4697,0.4697,0.4697,0.0758,0.697,0.2576,0.7121,0.5758,2.3183,0.5,7.6212,0.4394,0,0,0,0,0,0,0,0,0,0,0,0,0,0,0,0,0,0,0,0,0,10214,1674,202,3026,136,335,0,154,40,10,13,6,10,448,152,0,20,34.6,3.8,22.9,1,2.5,0,1.2,0.3,0.1,0.1,0,0.1,3.4,1.2,0,0.3
01,Alabama,AL,01043,Cullman County,01043,"Cullman County, Alabama",734.7389523,88284,0,39182,74,33649,590,20308,1611,1789,358,6269,654,9466,769,9266,778,16582,117,19672,81,15874,987,1954,356,649,259,8114,391,1032,292,7864,614,646,197,990,220,1210,37,23.3,1.8,4.3,0.9,18.6,1.9,15.4,1.3,10.6,0.9,18.8,0.1,22.3,0.1,18.2,1.1,5.8,1.1,0.8,0.3,9.2,0.4,2.7,0.7,20.1,1.6,1.9,0.6,2.9,0.7,1.4,0,0.1667,0.3182,0.197,0.4545,0.6212,1.7576,0.2424,0.4394,0.6364,0.4242,0.3939,0.6061,2.5,0.5455,0.0303,0.0303,0.0303,0.6212,0.4091,0.7121,0.0303,0.2879,2.0606,0.3182,6.3485,0.197,0,0,0,0,0,0,0,0,0,0,0,0,0,0,0,0,0,0,0,0,0,84337,5157,485,959,150,4056,0,278,82,243,181,27,34,2467,470,84,83,15.3,1.4,1.1,0.2,4.6,0,0.3,0.1,0.3,0.2,0,0.1,2.8,0.5,0.1,0.1
01,Alabama,AL,01045,Dale County,01045,"Dale County, Alabama",561.1128335,49455,0,22829,54,19400,365,14313,1048,1527,274,4517,471,4830,470,4676,597,8658,138,11403,46,9763,603,1461,243,420,202,16169,106,399,121,4098,397,137,65,1014,233,907,59,29.6,2.2,7.8,1.4,23.3,2.4,14.3,1.4,10,1.3,17.5,0.3,23.1,0.1,20.8,1.3,7.5,1.2,0.9,0.4,32.7,0.2,1.7,0.5,18,1.7,0.7,0.3,5.2,1.2,1.8,0.1,0.5455,0.8182,0.7121,0.3636,0.5303,2.9697,0.6364,0.303,0.8333,0.6364,0.6667,0.6515,3.0909,0.9091,0.5303,0.5303,0.5303,0.4697,0.3636,0.0909,0.3788,0.5152,1.8182,0.1515,8.4091,0.6364,0,0,0,0,0,0,0,0,0,0,0,0,0,0,0,0,0,0,0,0,0,48508,3336,364,10087,223,3467,0,611,95,218,91,12,13,1581,281,193,144,17.2,1.9,20.4,0.5,7,0,1.2,0.2,0.4,0.2,0,0.1,3.2,0.6,0.4,0.3
01,Alabama,AL,01047,Dallas County,01047,"Dallas County, Alabama",978.7375282,38326,0,18992,38,14753,397,15411,1198,1445,331,4184,519,3817,456,3625,576,7440,160,9038,60,7522,674,1281,265,86,110,27961,3,325,129,3296,365,194,82,2153,384,571,20,40.8,3.2,9.1,2.1,28.4,3.4,14.7,1.8,9.5,1.5,19.4,0.4,23.6,0.2,19.8,1.8,8.7,1.8,0.2,0.3,73,0,1.7,0.7,17.4,1.9,1.4,0.6,14.6,2.5,1.5,0.1,0.9091,0.8788,0.9242,0.3788,0.4394,3.5303,0.8636,0.4545,0.8939,0.5455,0.8182,0.2273,2.9394,0.8182,0.9242,0.9242,0.9242,0.4697,0.3485,0.4394,1,0.3333,2.5909,0.5909,9.9848,0.8485,1,0,1,0,0,2,0,0,0,0,0,0,1,1,0,0,0,1,0,1,4,37645,3530,388,26311,553,430,0,240,14,208,164,0,27,761,556,11,44,23.9,2.7,68.7,1.4,1.1,0,0.6,0.1,0.5,0.4,0,0.1,2,1.5,0,0.1
01,Alabama,AL,01049,DeKalb County,01049,"DeKalb County, Alabama",777.0767084,71680,0,30716,44,25690,433,23664,1550,1258,351,5288,570,10777,787,10326,958,12374,113,17146,53,10879,780,1397,262,3148,456,14975,191,359,128,6998,502,878,266,1072,240,1043,49,33.6,2.2,3.9,1.1,20.6,2.2,22.3,1.6,14.6,1.4,17.3,0.2,23.9,0.1,15.4,1.1,5.5,1,4.7,0.7,20.9,0.3,1.1,0.4,22.8,1.6,3.4,1,4.2,0.9,1.5,0.1,0.7424,0.2121,0.3939,0.9545,1,3.3029,0.803,0.2727,0.9545,0.197,0.2879,1,2.7121,0.6667,0.2424,0.2424,0.2424,0.303,0.5455,0.9545,0.1818,0.3333,2.3181,0.4545,8.5755,0.697,0,0,0,1,1,2,0,1,0,0,1,2,0,0,0,0,1,0,0,1,5,63272,4386,470,1043,115,11021,0,66,43,354,147,33,33,2064,200,394,202,17.1,1.8,1.5,0.2,15.4,0,0.1,0.1,0.5,0.2,0,0.1,2.9,0.3,0.5,0.3
01,Alabama,AL,01051,Elmore County,01051,"Elmore County, Alabama",618.5156977,87694,0,36787,71,32184,489,15535,1749,1700,333,5965,669,6992,594,6794,946,13833,98,19063,85,12619,805,2218,423,621,289,24161,136,1174,316,5990,626,416,192,1385,303,4296,139,18.7,2.1,4.2,0.8,18.5,2.1,11.5,1,8.2,1.1,15.8,0.1,21.7,0.1,15.2,1,6.9,1.3,0.7,0.3,27.6,0.2,3.2,0.9,16.3,1.7,1.3,0.6,4.3,0.9,4.9,0.2,0.0758,0.2727,0.1818,0.1667,0.1515,0.8485,0.0455,0.1212,0.4848,0.1667,0.5303,0.5606,1.8636,0.1212,0.4394,0.4394,0.4394,0.6818,0.3182,0.3182,0.2121,0.8485,2.3788,0.5303,5.5303,0.1061,0,0,0,0,0,0,0,0,0,0,0,0,0,0,0,0,0,0,0,0,0,70888,3763,469,18224,604,2739,0,602,187,210,80,0,30,2356,655,30,40,11.7,1.4,20.8,0.7,3.1,0,0.7,0.2,0.2,0.1,0,0.1,2.7,0.7,0,0.1
01,Alabama,AL,01053,Escambia County,01053,"Escambia County, Alabama",945.40749,36755,0,16715,53,13022,378,13084,958,1313,421,2914,398,4515,496,4226,629,6830,88,8335,0,6965,545,821,241,124,134,14638,77,125,69,3405,380,63,42,799,216,2533,118,38.3,2.8,9.2,2.8,22.4,3,17.7,1.9,12.3,1.8,18.6,0.2,22.7,0,20.3,1.6,6.3,1.8,0.4,0.4,39.8,0.2,0.7,0.4,20.4,2.3,0.5,0.3,6.1,1.6,6.9,0.3,0.8788,0.8939,0.6061,0.6818,0.9545,4.0151,0.9848,0.3788,0.6818,0.5758,0.4394,0.3485,2.4243,0.4848,0.6515,0.6515,0.6515,0.1364,0.4394,0.0455,0.4848,0.8939,2,0.2576,9.0909,0.7576,0,0,0,0,1,1,0,0,0,0,0,0,0,0,0,0,0,0,0,0,1,35494,3722,459,11115,564,940,0,90,77,1118,120,0,27,1312,586,63,55,28.6,3.3,30.2,1.5,2.6,0,0.2,0.2,3,0.3,0,0.1,3.6,1.6,0.2,0.1
01,Alabama,AL,01055,Etowah County,01055,"Etowah County, Alabama",535.1052344,103348,0,47412,42,38791,600,27725,1617,2847,508,8572,650,10094,821,11965,1184,20082,95,22164,0,17786,992,2684,419,880,297,23700,234,1442,254,5083,422,672,180,1643,290,1505,40,27.2,1.6,6,1.1,22.1,1.6,13.9,1.1,11.7,1.2,19.4,0.1,21.4,0,17.4,1,6.9,1.1,0.9,0.3,22.9,0.2,3.1,0.5,10.7,0.9,1.7,0.5,4.2,0.8,1.5,0,0.3333,0.6364,0.5606,0.3333,0.8636,2.7272,0.5758,0.4545,0.4545,0.3939,0.5303,0.6515,2.4847,0.5152,0.303,0.303,0.303,0.6515,0.1667,0.6061,0.1818,0.3333,1.9394,0.197,7.4543,0.3939,0,0,0,0,0,0,0,0,0,0,0,0,0,0,0,0,0,0,0,0,0,99926,6379,472,15507,384,4561,0,743,158,127,63,2,3,2365,409,395,300,16.4,1.2,15,0.4,4.4,0,0.7,0.2,0.1,0.1,0,0.1,2.3,0.4,0.4,0.3
01,Alabama,AL,01057,Fayette County,01057,"Fayette County, Alabama",627.6834164,16297,0,7816,27,6143,227,5511,599,672,205,1211,242,1858,274,1619,382,3461,80,3436,8,3782,356,295,101,9,78,2631,42,202,101,1476,203,63,43,657,173,334,17,34.5,3.7,9.6,2.9,19.7,3.9,16.3,2.4,10.1,2.4,21.2,0.5,21.1,0.1,23.5,2.2,4.8,1.6,0.1,0.5,16.1,0.3,2.6,1.3,18.9,2.6,1.1,0.7,10.7,2.7,2,0.1,0.8182,0.9091,0.3182,0.4848,0.5455,3.0758,0.6818,0.8182,0.3333,0.8636,0.1364,0.1212,2.2727,0.3182,0.1515,0.1515,0.1515,0.6061,0.3788,0.2576,0.8939,0.6364,2.7728,0.7273,8.2728,0.6061,0,1,0,0,0,1,0,0,0,0,0,0,0,0,0,0,0,0,0,0,1,13921,1632,207,2074,177,61,93,36,37,24,27,40,61,368,176,28,42,26.6,3.4,12.7,1.1,0.4,0.6,0.2,0.2,0.1,0.2,0.2,0.4,2.3,1.1,0.2,0.3
01,Alabama,AL,01059,Franklin County,01059,"Franklin County, Alabama",633.9586268,32011,0,13940,29,11239,368,10500,1147,536,245,1870,343,4249,517,3958,658,5459,156,7920,115,5400,533,772,221,1257,336,7923,107,308,156,2155,326,181,89,1031,300,283,22,33.3,3.6,3.8,1.8,16.6,3,19.9,2.4,12.5,2.1,17.1,0.5,24.7,0.4,17,1.7,6.9,2,4.2,1.1,24.8,0.3,2.2,1.1,15.5,2.3,1.6,0.8,9.2,2.6,0.9,0.1,0.7273,0.1667,0.0455,0.8939,0.9697,2.8031,0.5909,0.2273,0.9848,0.3485,0.5303,0.9848,3.0757,0.8939,0.3485,0.3485,0.3485,0.5606,0.2879,0.5455,0.8333,0.0303,2.2576,0.4091,8.4849,0.6667,0,0,0,0,1,1,0,1,0,0,1,2,0,0,0,0,0,0,0,0,3,29771,4250,440,1360,115,5892,0,35,40,57,54,14,29,492,135,73,101,37.8,3.5,4.2,0.4,18.4,0,0.1,0.1,0.2,0.2,0,0.1,1.5,0.4,0.2,0.3
01,Alabama,AL,01061,Geneva County,01061,"Geneva County, Alabama",574.4844214,26647,0,12494,50,10391,297,8425,943,437,135,1963,318,3151,434,3187,426,5414,102,5834,0,6293,544,415,143,144,115,5112,371,57,51,3186,369,167,85,710,203,265,7,32,3.6,3.9,1.2,18.9,3,16.6,2.3,12.1,1.6,20.3,0.4,21.9,0,23.9,2.1,4,1.4,0.6,0.5,19.2,1.4,0.4,0.4,25.5,2.9,1.6,0.8,6.8,1.9,1,0,0.6818,0.2121,0.2424,0.5455,0.9091,2.5909,0.5,0.6818,0.5303,0.8939,0.0606,0.5,2.6666,0.6364,0.2121,0.2121,0.2121,0.0758,0.6515,0.5455,0.6061,0.0909,1.9698,0.2424,7.4394,0.3788,0,0,0,0,1,1,0,0,0,0,0,0,0,0,0,0,0,0,0,0,1,19440,2642,302,2377,245,1185,0,143,173,61,39,6,8,837,247,503,355,25.4,2.8,8.9,0.9,4.4,0,0.5,0.6,0.2,0.1,0,0.1,3.1,0.9,1.9,1.3
01,Alabama,AL,01063,Greene County,01063,"Greene County, Alabama",647.0228026,7706,0,4271,21,2872,185,3804,373,111,93,722,197,987,248,1060,374,1824,78,1696,57,2149,318,192,96,3,71,6385,18,153,105,1459,224,9,22,378,139,133,45,50,4.9,4.5,3.8,25.1,6.7,18.1,4.8,13.9,4.9,23.7,1,22,0.7,28.2,4.2,6.7,3.3,0,1,82.9,0.2,3.5,2.5,34.2,5.3,0.3,0.8,13.2,4.9,1.7,0.6,1,0.3939,0.803,0.7727,0.9848,3.9544,0.9545,0.9848,0.5606,1,0.5152,0,3.0606,0.8636,0.9848,0.9848,0.9848,0.697,0.9394,0,0.9697,0.4545,3.0606,0.803,11.0604,0.9697,1,0,0,0,1,2,1,0,1,0,0,2,1,1,0,1,0,1,0,2,7,5981,1255,220,6305,90,24,34,0,18,7,18,0,18,49,76,0,18,43.7,6.9,81.8,1.2,0.3,0.4,0,0.5,0.1,0.2,0,0.5,0.6,1,0,0.5
01,Alabama,AL,01065,Hale County,01065,"Hale County, Alabama",643.989822,14742,0,7464,20,5403,248,5189,672,450,128,1543,307,1939,395,1012,263,2903,0,3454,0,3624,538,179,89,23,81,9079,159,61,45,2853,338,137,87,620,178,216,7,35.9,4.6,7.6,2.1,28.6,5.5,19.4,3.9,7,1.8,19.7,0,23.4,0,25,3.7,3.3,1.6,0.2,100,61.6,1.1,0.9,0.6,38.2,4.5,2.6,1.6,11.5,3.2,1.5,0,0.8333,0.803,0.9394,0.8636,0.0606,3.4999,0.8485,0.5455,0.8636,0.9394,0,0.2273,2.5758,0.5909,0.8636,0.8636,0.8636,0.2121,0.9848,0.8788,0.9394,0.3333,3.3484,0.8939,10.2877,0.9091,0,0,1,0,0,1,0,0,1,0,0,1,0,0,0,1,0,1,0,2,4,11056,1588,245,8373,277,25,25,9,17,42,64,0,20,630,300,0,20,29.4,4.2,56.8,1.9,0.2,0.2,0.1,0.1,0.3,0.4,0,0.3,4.3,2,0,0.3
01,Alabama,AL,01067,Henry County,01067,"Henry County, Alabama",561.8916869,17282,0,9110,23,6686,215,4354,545,412,143,1225,227,2320,332,1634,323,3953,43,3517,24,3500,377,325,107,56,87,5270,75,72,55,2299,220,77,39,509,126,298,10,25.9,3.2,5.3,1.8,18.3,3.3,18.5,2.7,9.6,1.9,22.9,0.2,20.4,0.1,20.6,2.2,4.9,1.6,0.3,0.5,30.5,0.4,0.8,0.6,25.2,2.4,1.1,0.6,7.6,1.9,1.7,0.1,0.2424,0.4848,0.1667,0.8333,0.5,2.2272,0.4091,0.9242,0.1364,0.6212,0.1515,0.2727,2.106,0.2576,0.4848,0.4848,0.4848,0.1667,0.6212,0.2576,0.7424,0.4545,2.2424,0.3939,7.0604,0.3333,0,0,0,0,0,0,1,0,0,0,0,1,0,0,0,0,0,0,0,0,1,13765,1390,226,4344,88,469,0,96,19,60,33,8,19,293,119,0,20,20.8,3.3,25.1,0.5,2.7,0,0.6,0.1,0.3,0.2,0,0.1,1.7,0.7,0,0.2
01,Alabama,AL,01069,Houston County,01069,"Houston County, Alabama",579.8256804,107040,0,49339,92,41543,396,29418,1266,2403,253,9950,459,9164,524,12443,697,19450,0,24470,0,17753,598,3340,239,538,136,37620,243,2026,193,6179,376,573,106,2576,248,1154,32,27.8,1.2,5,0.5,24,1.1,12.4,0.7,11.7,0.7,18.2,0,22.9,0,16.8,0.6,8.1,0.6,0.5,100,35.1,0.2,4.1,0.4,12.5,0.8,1.3,0.3,6.2,0.6,1.1,0,0.4091,0.4394,0.7576,0.2424,0.8636,2.7121,0.5455,0.3485,0.7576,0.3182,0.7879,0.4091,2.6213,0.6061,0.5758,0.5758,0.5758,0.7727,0.1818,0.3182,0.5152,0.1515,1.9394,0.197,7.8486,0.5,0,0,0,0,0,0,0,0,0,0,0,0,0,0,0,0,0,0,0,0,0,113898,7122,328,29026,214,3844,0,976,101,248,58,17,19,3052,298,457,224,17.1,0.8,27.1,0.2,3.6,0,0.9,0.1,0.2,0.1,0,0.1,2.9,0.3,0.4,0.2
01,Alabama,AL,01071,Jackson County,01071,"Jackson County, Alabama",1078.014022295994,52618,0,24706,54,20670,401,16101,1321,1312,307,4534,482,6795,646,5712,581,10817,71,10852,0,11283,726,1297,215,358,210,5919,77,275,111,5300,480,437,157,954,213,705,25,31,2.5,6,1.4,21.9,2.3,18,1.7,11,1.1,20.6,0.1,20.6,0,21.7,1.4,6.3,1,0.7,0.4,11.2,0.1,1.1,0.4,21.5,1.9,2.2,0.8,4.6,1,1.3,0,0.6515,0.6364,0.5455,0.7424,0.7121,3.2879,0.7879,0.7273,0.2121,0.7879,0.4394,0.5606,2.7273,0.7273,0.0758,0.0758,0.0758,0.303,0.4848,0.803,0.2273,0.2121,2.0302,0.2879,8.1212,0.5909,0,0,0,0,0,0,0,0,0,0,0,0,0,0,0,0,0,0,0,0,0,47017,3423,360,1708,206,1685,0,213,58,397,115,17,22,1840,235,59,52,16.6,1.7,3.2,0.4,3.2,0,0.4,0.1,0.8,0.2,0,0.1,3.5,0.4,0.1,0.1
01,Alabama,AL,01073,Jefferson County,01073,"Jefferson County, Alabama",1111.539823051016,672265,0,308428,156,265794,1660,161309,5607,17733,1444,75296,2299,40868,2021,60044,2414,109751,24,152346,20,99337,2521,19732,1162,6512,963,343314,519,43025,1682,9070,708,3662,628,18241,1059,18593,300,24.6,0.9,5.4,0.4,28.3,0.8,8.9,0.4,9,0.4,16.3,0.1,22.7,0.1,14.9,0.4,7.4,0.4,1,0.2,51.1,0.1,13.9,0.5,2.9,0.2,1.3,0.2,6.9,0.4,2.8,0,0.2121,0.5303,0.8939,0.0606,0.3333,2.0302,0.3182,0.1515,0.6818,0.1364,0.6515,0.7576,2.3788,0.3788,0.803,0.803,0.803,0.9697,0,0.3182,0.6364,0.7273,2.6516,0.6364,7.8636,0.5152,0,0,0,0,0,0,0,0,0,0,0,0,0,0,1,0,0,0,0,1,1,737478,34399,1696,286423,1625,27950,0,11690,492,570,161,160,44,13608,1525,2913,1170,12.9,0.6,42.6,0.2,4.2,0,1.7,0.1,0.1,0.1,0,0.1,2,0.2,0.4,0.2
01,Alabama,AL,01075,Lamar County,01075,"Lamar County, Alabama",604.8460309,13885,0,7104,20,5168,282,3669,635,284,134,895,207,1774,280,1075,275,3075,60,3026,47,3068,351,214,81,7,75,1985,46,176,104,1440,243,50,40,297,105,171,9,26.7,4.6,5,2.3,17.3,3.9,17.9,2.8,7.8,2,22.1,0.4,21.8,0.3,22.4,2.6,4.1,1.6,0.1,0.6,14.3,0.3,2.5,1.5,20.3,3.4,1,0.8,5.7,1.9,1.2,0.1,0.303,0.4394,0.0909,0.7121,0.0909,1.6363,0.1818,0.8939,0.5152,0.803,0.0758,0.1212,2.4091,0.4545,0.1061,0.1061,0.1061,0.5909,0.4242,0.1818,0.4394,0.1818,1.8181,0.1364,5.9696,0.1818,0,0,0,0,0,0,0,0,0,0,0,0,0,0,0,0,0,0,0,0,0,11623,1521,248,1527,152,76,64,23,26,49,47,0,20,273,140,37,46,29.4,4.2,11,1.1,0.5,0.5,0.2,0.2,0.4,0.3,0,0.3,2,1,0.3,0.3
01,Alabama,AL,01077,Lauderdale County,01077,"Lauderdale County, Alabama",668.014549,94329,0,44705,61,38237,651,22463,1834,1632,388,7961,714,7239,773,8881,957,18977,129,18256,0,14229,834,2190,373,814,293,15662,510,3167,543,3835,430,351,153,2322,480,2535,68,24.4,2,3.6,0.9,20.8,1.8,11.2,1.2,9.5,1,20.1,0.1,19.4,0,15.3,0.9,5.7,1,0.9,0.3,16.6,0.5,7.1,1.2,8.6,1,0.9,0.4,6.1,1.3,2.7,0.1,0.197,0.1212,0.4697,0.1364,0.4394,1.3637,0.1364,0.6515,0.0909,0.1818,0.3636,0.6515,1.9393,0.1818,0.1667,0.1667,0.1667,0.8636,0.0909,0.1515,0.4848,0.7121,2.3029,0.4394,5.7726,0.1515,0,0,0,0,0,0,0,0,0,0,0,0,0,0,0,0,0,0,0,0,0,85297,7437,649,9197,383,2803,0,574,150,213,68,64,52,2686,685,125,135,19.4,1.6,9.7,0.4,3,0,0.6,0.2,0.2,0.1,0.1,0.1,2.8,0.7,0.1,0.1
01,Alabama,AL,01079,Lawrence County,01079,"Lawrence County, Alabama",690.6841226,33116,0,15270,32,12829,324,8895,981,423,131,2163,324,4070,638,2991,406,6149,106,7172,0,7046,690,425,129,174,139,7843,41,144,82,4090,465,139,84,654,209,252,18,27.2,3,3,0.9,16.9,2.5,17.3,2.7,9.1,1.2,18.6,0.3,21.7,0,21.4,2.1,3.3,1,0.6,0.4,23.7,0.1,1,0.5,26.8,3,1,0.7,5.1,1.6,0.8,0.1,0.3333,0.0455,0.0758,0.6061,0.3485,1.4092,0.1515,0.3788,0.4848,0.7424,0,0.5,2.106,0.2576,0.3182,0.3182,0.3182,0.2727,0.7121,0.1818,0.3485,0.0152,1.5303,0.0455,5.3637,0.0758,0,0,0,0,0,0,0,0,0,0,0,0,0,0,0,0,0,0,0,0,0,21544,3827,493,3366,275,829,0,97,96,1669,320,17,28,1852,367,13,18,29.8,3.7,10.2,0.8,2.5,0,0.3,0.3,5,1,0.1,0.1,5.6,1.1,0,0.1
01,Alabama,AL,01081,Lee County,01081,"Lee County, Alabama",607.5439584,175126,0,75473,60,65166,693,45272,2669,3196,602,17796,1176,8875,932,14869,1686,22160,145,36525,0,22985,1508,4154,681,2195,497,57905,429,9549,924,11029,830,1418,395,3111,464,7435,98,27,1.6,3.8,0.7,27.3,1.8,8.3,0.9,8.6,1,12.7,0.1,20.9,0,13.2,0.9,6.4,1,1.3,0.3,33.1,0.2,12.7,1.2,14.6,1.1,2.2,0.6,4.8,0.7,4.2,0.1,0.3182,0.1667,0.8636,0.0303,0.2727,1.6515,0.197,0,0.2879,0.0455,0.4848,0.8182,1.6364,0.0606,0.5455,0.5455,0.5455,0.9545,0.2576,0.803,0.2727,0.8182,3.106,0.8333,6.9394,0.303,0,0,0,0,0,0,0,0,0,0,0,0,0,0,1,0,0,0,0,1,1,179318,9037,932,38635,565,6780,0,7530,262,224,105,49,81,4106,606,581,404,13.9,1.4,22.1,0.3,3.9,0,4.3,0.1,0.1,0.1,0,0.1,2.3,0.3,0.3,0.2
01,Alabama,AL,01083,Limestone County,01083,"Limestone County, Alabama",563.403172,104199,0,42616,72,38572,695,18537,1951,2078,402,6453,666,9260,957,8289,1121,16023,174,23004,15,14517,1038,2049,416,972,334,26357,447,1553,329,4415,578,669,255,1186,398,2988,126,18.4,1.9,4.1,0.8,16.7,1.7,12.7,1.3,8.2,1.1,15.4,0.2,22.1,0.1,14.3,1,5.3,1.1,1,0.3,25.3,0.4,3.6,0.8,10.4,1.4,1.7,0.7,3.1,1,2.9,0.1,0.0606,0.2576,0.0606,0.2727,0.1515,0.803,0.0303,0.0606,0.6061,0.1212,0.2121,0.7576,1.7576,0.0909,0.3636,0.3636,0.3636,0.7121,0.1515,0.6061,0.0455,0.7576,2.2728,0.4242,5.197,0.0606,0,0,0,0,0,0,0,0,0,0,0,0,0,0,0,0,0,0,0,0,0,86939,4655,525,13547,443,6588,0,1872,193,438,118,61,27,3765,651,86,117,12.1,1.3,13,0.4,6.3,0,1.8,0.2,0.4,0.1,0.1,0.1,3.6,0.6,0.1,0.1
01,Alabama,AL,01085,Lowndes County,01085,"Lowndes County, Alabama",716.0847982,10153,0,4823,18,4001,178,4495,473,302,130,1450,215,1173,197,892,205,1967,0,2237,0,2239,251,419,122,3,78,7660,17,0,28,1720,219,71,41,444,108,147,8,45,4.7,7.5,3.1,36.2,5.1,16.7,2.8,8.9,2,19.4,0,22,0,22.4,2.5,10.5,3,0,0.8,75.4,0.2,0,0.6,35.7,4.5,1.7,1,11.1,2.5,1.4,0.1,0.9545,0.7879,1,0.5606,0.303,3.606,0.8788,0.4545,0.5606,0.803,0.9091,0,2.7272,0.697,0.9545,0.9545,0.9545,0,0.9545,0.6061,0.9242,0.2879,2.7727,0.7121,10.0604,0.8788,1,0,1,0,0,2,0,0,0,1,0,1,1,1,0,1,0,1,0,2,6,8351,1540,172,7595,41,19,26,0,20,0,20,0,20,46,39,0,20,38.5,4.1,74.8,0.4,0.2,0.3,0,0.4,0,0.4,0,0.4,0.5,0.4,0,0.4
01,Alabama,AL,01087,Macon County,01087,"Macon County, Alabama",608.6649376,19198,0,9662,62,7131,226,6059,699,1010,192,1760,221,2053,271,2109,350,3883,36,3179,83,3486,354,720,137,66,105,16100,22,479,111,1846,226,100,48,769,138,2611,137,36.7,4.2,12.5,2.3,24.7,3,17.3,2.3,11.1,1.9,20.2,0.2,16.6,0.4,18.4,1.9,10.1,1.9,0.4,0.6,83.9,0.1,5,1.1,19.1,2.4,1.4,0.7,10.8,1.9,13.6,0.7,0.8485,0.9697,0.7879,0.6061,0.7879,4.0001,0.9697,0.6667,0.0152,0.4545,0.8939,0.3485,2.3788,0.3788,1,1,1,0.8182,0.3939,0.4394,0.9091,1,3.5606,0.9697,10.9395,0.9545,0,1,0,0,0,1,0,0,0,0,0,0,1,1,0,0,0,1,1,2,4,17611,2036,200,15130,148,453,0,73,71,7,9,0,20,426,136,11,15,28.6,2.7,78.8,0.8,2.4,0,0.4,0.4,0,0.1,0,0.2,2.2,0.7,0.1,0.1
01,Alabama,AL,01089,Madison County,01089,"Madison County, Alabama",801.601031,389781,0,171313,193,159569,857,67505,3381,8515,960,34169,1810,20784,1579,30046,2124,59906,14,83734,0,51977,2053,10881,963,3865,623,142436,654,17350,1338,6470,880,1976,400,6552,664,11104,370,17.8,0.9,4.2,0.5,21.4,1.1,7.8,0.6,7.8,0.6,15.4,0.1,21.5,0,13.5,0.5,6.9,0.6,1.1,0.2,36.5,0.2,10.2,0.8,3.8,0.5,1.3,0.3,4.1,0.4,2.8,0.1,0.0303,0.2727,0.5152,0.0152,0.0909,0.9243,0.0758,0.0606,0.4697,0.0606,0.5303,0.803,1.9242,0.1667,0.6061,0.6061,0.6061,0.9394,0.0152,0.3182,0.1515,0.7273,2.1516,0.3636,5.6062,0.1364,0,0,0,0,0,0,0,0,0,0,0,0,0,0,1,0,0,0,0,1,1,439318,15563,1287,94612,1006,20611,0,9547,647,1699,225,193,81,14750,1290,1024,362,9.8,0.8,24.3,0.3,5.3,0,2.4,0.2,0.4,0.1,0,0.1,3.8,0.3,0.3,0.1
01,Alabama,AL,01091,Marengo County,01091,"Marengo County, Alabama",976.8979518,19180,0,9834,30,7379,301,6158,939,220,118,1630,301,1416,327,1757,445,3818,20,4350,139,4284,432,567,197,0,80,10641,3,210,130,2807,313,28,24,634,186,263,13,32.5,5,2.8,1.5,22.1,4,10.9,2.5,9.3,2.4,19.9,0.1,22.7,0.7,22.6,2.3,7.7,2.7,0,0.4,55.5,0,2.1,1.3,28.5,3.2,0.3,0.3,8.6,2.4,1.4,0.1,0.7121,0.0152,0.5606,0.1212,0.3788,1.7879,0.2727,0.6212,0.6818,0.8485,0.7273,0,2.8788,0.7879,0.8333,0.8333,0.8333,0.5303,0.7727,0,0.803,0.2879,2.3939,0.5606,7.8939,0.5303,0,0,0,0,0,0,0,0,0,0,0,0,0,0,0,0,0,0,0,0,0,19500,1671,271,9749,237,542,0,151,214,36,43,0,20,163,135,0,20,22.6,3.6,50.8,1.2,2.8,0,0.8,1.1,0.2,0.2,0,0.2,0.8,0.7,0,0.2
01,Alabama,AL,01093,Marion County,01093,"Marion County, Alabama",742.3428953,29203,0,14143,43,11018,405,8618,960,800,186,2312,355,4028,475,3155,486,6114,69,6153,40,7370,575,376,164,75,91,2695,239,206,100,3073,382,291,100,548,152,635,23,30.1,3.4,6.5,1.5,21,3.1,19.4,2.3,11,1.7,20.9,0.2,21.1,0.1,25.7,2,3.4,1.5,0.3,0.3,9.2,0.8,1.4,0.7,21.7,2.7,2.7,0.9,5,1.3,2.2,0.1,0.6061,0.7121,0.5,0.8636,0.7121,3.3939,0.8182,0.7727,0.3333,0.9848,0.0303,0.2727,2.3938,0.4242,0.0303,0.0303,0.0303,0.3939,0.5303,0.9242,0.3182,0.6667,2.8333,0.7576,8.6513,0.7121,0,0,0,0,0,0,0,0,1,0,0,1,0,0,0,0,1,0,0,1,2,27704,2676,362,1113,137,790,0,85,42,23,25,8,12,676,262,0,24,24.3,3,3.8,0.5,2.7,0,0.3,0.1,0.1,0.1,0,0.1,2.3,0.9,0,0.1
01,Alabama,AL,01095,Marshall County,01095,"Marshall County, Alabama",565.8447718,97923,0,41328,116,35930,477,25663,1420,1641,327,7405,613,10161,787,10771,841,16883,47,24723,0,13642,810,2735,382,3129,487,20473,161,782,189,5447,539,568,144,1725,258,1252,218,26.6,1.5,3.8,0.8,20.6,1.7,15.6,1.2,11.1,0.9,17.2,0.1,25.2,0,14.1,0.8,7.6,1.1,3.4,0.5,20.9,0.2,1.9,0.5,13.2,1.3,1.6,0.4,4.8,0.7,1.3,0.2,0.2879,0.1667,0.3939,0.4697,0.7879,2.1061,0.3485,0.2576,1,0.1061,0.7121,0.9697,3.0455,0.8485,0.2424,0.2424,0.2424,0.5,0.197,0.5455,0.2727,0.2121,1.7273,0.1061,7.1213,0.3485,0,0,0,0,0,0,0,1,0,0,1,2,0,0,0,0,0,0,0,0,2,96130,4530,390,2672,253,14751,0,595,75,129,58,78,87,2062,306,186,113,12.6,1.1,2.7,0.3,15.1,0,0.6,0.1,0.1,0.1,0.1,0.1,2.1,0.3,0.2,0.1
01,Alabama,AL,01097,Mobile County,01097,"Mobile County, Alabama",1229.373535,413878,0,184845,113,159605,1257,114904,4634,11043,878,45195,1973,33210,1508,46068,1991,69056,5,96226,33,56536,1676,12524,930,3465,579,182873,408,18676,1257,13337,1136,3030,475,10773,851,7722,113,28.3,1.1,5.9,0.5,28.3,1.2,11.9,0.5,11.3,0.5,16.7,0.1,23.2,0.1,13.8,0.4,7.9,0.6,0.9,0.1,44.2,0.1,10.1,0.7,7.2,0.6,1.9,0.3,6.7,0.5,1.9,0,0.4394,0.6212,0.8939,0.197,0.8182,2.9697,0.6364,0.1818,0.8485,0.0758,0.7727,0.6515,2.5303,0.5606,0.6818,0.6818,0.6818,0.9242,0.0455,0.7121,0.5758,0.5758,2.8334,0.7727,9.0152,0.7424,0,0,0,0,0,0,0,0,0,0,0,0,0,0,1,0,0,0,0,1,1,423279,26595,1251,149056,862,12565,0,8297,421,1589,292,95,53,9986,899,1285,392,16.7,0.8,36,0.2,3,0,2,0.1,0.4,0.1,0,0.1,2.4,0.2,0.3,0.1
01,Alabama,AL,01099,Monroe County,01099,"Monroe County, Alabama",1025.668254070748,19816,0,10214,23,7298,308,6697,723,862,258,1577,320,2235,321,2151,436,4161,59,4188,8,3207,357,389,145,15,78,9184,13,151,103,2089,295,135,88,460,145,258,9,34.2,3.7,12.2,3.5,21.6,4.3,16.3,2.4,11,2.2,21,0.3,21.1,0.1,16.4,1.8,5.4,2,0.1,0.4,46.3,0.1,1.4,1,20.5,2.9,1.9,1.2,6.3,2,1.3,0,0.803,0.9545,0.5303,0.4848,0.7121,3.4847,0.8333,0.803,0.3333,0.2576,0.2576,0.1212,1.7727,0.1061,0.7273,0.7273,0.7273,0.3939,0.4697,0.7121,0.5303,0.2121,2.3181,0.4545,8.3028,0.6212,0,1,0,0,0,1,0,0,0,0,0,0,0,0,0,0,0,0,0,0,1,19535,2820,278,8384,190,44,41,47,38,260,83,13,17,436,206,0,20,38.6,3.5,42.3,1,0.2,0.2,0.2,0.2,1.3,0.4,0.1,0.1,2.2,1,0,0.2
01,Alabama,AL,01101,Montgomery County,01101,"Montgomery County, Alabama",785.3543847,228132,0,105488,74,89721,828,65681,3049,7127,945,27265,1436,18222,1200,23536,1502,35635,90,53805,0,36558,1661,10747,1016,3076,442,155982,204,9637,844,3991,389,2108,392,6165,619,7960,101,30,1.4,6.8,0.9,30.4,1.6,12,0.8,10.6,0.7,15.6,0.1,23.6,0,16.4,0.7,12,1.1,1.4,0.2,68.4,0.1,9.1,0.8,3.8,0.4,2.4,0.4,6.9,0.7,3.5,0,0.5909,0.7424,0.9545,0.2121,0.6212,3.1211,0.7121,0.0909,0.8939,0.2576,0.9697,0.8485,3.0606,0.8636,0.8788,0.8788,0.8788,0.9091,0.0152,0.8485,0.6364,0.7879,3.1971,0.8636,10.2576,0.8939,0,0,1,0,0,1,0,0,0,1,0,1,0,0,1,0,0,0,0,1,3,268803,11731,857,134336,695,8597,0,7593,233,156,79,8,13,5029,844,263,141,13.1,1,58.9,0.3,3.8,0,3.3,0.1,0.1,0.1,0,0.1,2.2,0.4,0.1,0.1
01,Alabama,AL,01103,Morgan County,01103,"Morgan County, Alabama",579.6686566,123102,0,53324,70,48004,547,28254,1926,2407,391,9181,776,12535,950,13284,977,22059,157,28181,0,20182,1121,2800,417,2844,866,31657,244,2714,443,5509,598,1158,300,2454,379,2090,124,23.4,1.6,4.2,0.7,19.1,1.6,14.8,1.1,11,0.8,17.9,0.1,22.9,0,16.7,0.9,5.8,0.9,2.5,0.7,25.7,0.2,5.1,0.8,10.3,1.1,2.5,0.6,5.1,0.8,1.7,0.1,0.1818,0.2727,0.2727,0.3939,0.7121,1.8332,0.2879,0.3182,0.7576,0.303,0.3939,0.9545,2.7272,0.697,0.3939,0.3939,0.3939,0.8333,0.1364,0.8636,0.3485,0.4545,2.6363,0.6212,7.5906,0.4242,0,0,0,0,0,0,0,0,0,0,1,1,0,0,0,0,0,0,0,0,1,119738,8834,853,15886,403,10845,0,592,119,272,116,15,24,3713,452,334,264,18.4,1.7,12.9,0.3,8.8,0,0.5,0.1,0.2,0.1,0,0.1,3,0.4,0.3,0.2
01,Alabama,AL,01105,Perry County,01105,"Perry County, Alabama",719.6694951,8479,0,3985,24,3075,234,3713,499,427,203,813,242,1085,269,545,199,1737,0,1792,0,2092,299,368,171,0,72,6074,18,18,33,1173,193,12,27,319,147,926,47,49.2,6.6,15.7,6.4,26.4,7.6,20.4,5.2,6.6,2.4,20.5,0,21.1,0,25.2,3.6,12,5.5,0,0.9,71.6,0.2,0.5,0.8,29.4,4.8,0.4,0.9,10.4,4.6,10.9,0.6,0.9848,1,0.8333,0.9242,0.0303,3.7726,0.9091,0.7121,0.3333,0.9545,0.9697,0,2.9696,0.8333,0.8939,0.8939,0.8939,0.1061,0.8182,0.0303,0.8485,0.9545,2.7576,0.697,10.3937,0.9242,1,1,0,1,0,3,0,0,1,1,0,2,0,0,0,0,0,0,1,1,6,6573,1047,254,5943,104,82,93,0,18,1,2,0,18,48,40,0,18,34,7.4,70.1,1.2,1,1.1,0,0.4,0,0.1,0,0.4,0.6,0.5,0,0.4
01,Alabama,AL,01107,Pickens County,01107,"Pickens County, Alabama",881.4071762,18925,0,8714,52,7083,216,5820,632,388,122,1568,232,2046,267,1480,299,3672,28,3653,60,4169,398,577,152,316,117,8784,20,199,107,2118,266,73,42,552,137,1685,104,33.6,3.6,5.3,1.6,22.1,3.2,15.1,2,8.5,1.7,19.4,0.2,19.3,0.3,24.1,2.3,8.1,2.1,1.8,0.7,46.4,0.1,2.3,1.2,24.3,3,1,0.6,7.8,1.9,8.9,0.5,0.7424,0.4848,0.5606,0.4394,0.2424,2.4696,0.4545,0.4545,0.0758,0.9091,0.7879,0.8788,3.1061,0.9545,0.7424,0.7424,0.7424,0.5758,0.5909,0.1818,0.7879,0.9394,3.0758,0.8182,9.3939,0.803,0,0,0,0,0,0,0,0,1,0,0,1,0,0,0,0,0,0,1,1,2,14501,1758,230,7416,125,987,0,10,19,33,36,0,20,319,118,19,23,24.8,3.1,39.2,0.7,5.2,0,0.1,0.1,0.2,0.2,0,0.2,1.7,0.6,0.1,0.1
01,Alabama,AL,01109,Pike County,01109,"Pike County, Alabama",672.0666583,32997,0,16049,50,11996,443,10406,925,717,261,3656,498,2324,321,2929,471,5057,71,6220,80,4932,417,922,191,252,163,14752,136,867,268,3914,353,115,53,802,203,2376,58,34,3,4.9,1.8,30.5,4,12.1,1.7,8.9,1.4,15.3,0.2,18.9,0.2,15.1,1.3,7.7,1.6,0.8,0.5,44.7,0.4,5.4,1.7,24.4,2.2,0.9,0.4,6.7,1.7,7.2,0.2,0.7879,0.4242,0.9697,0.2273,0.303,2.7121,0.5455,0.0455,0.0303,0.1515,0.7273,0.6061,1.5607,0.0455,0.697,0.697,0.697,0.8485,0.6061,0.1515,0.5758,0.9242,3.1061,0.8485,8.0759,0.5758,0,0,1,0,0,1,0,0,0,0,0,0,0,0,0,0,0,0,1,1,2,34751,2864,324,12282,208,799,0,658,77,112,49,0,27,901,281,0,27,23.9,2.8,37.2,0.6,2.4,0,2,0.2,0.3,0.1,0,0.1,2.7,0.9,0,0.1
01,Alabama,AL,01111,Randolph County,01111,"Randolph County, Alabama",580.5500553,22179,0,12412,26,8729,436,5862,672,289,98,1634,248,2808,372,1852,404,4633,31,4627,25,4175,412,652,160,51,98,5626,119,113,74,3360,411,110,62,461,175,581,23,27.2,3.1,3.2,1.1,18.7,2.7,18,2.4,8.4,1.8,20.9,0.1,20.9,0.1,19,1.9,7.5,1.8,0.2,0.5,25.4,0.5,0.9,0.6,27.1,3.3,1.2,0.7,5.3,2,2.6,0.1,0.3333,0.0758,0.2273,0.7424,0.2121,1.5909,0.1667,0.7727,0.2879,0.4697,0.6667,0.2273,2.4243,0.4848,0.3788,0.3788,0.3788,0.2121,0.7576,0.303,0.3939,0.697,2.3636,0.5152,6.7576,0.2576,0,0,0,0,0,0,0,0,0,0,0,0,0,0,0,0,0,0,0,0,0,17602,1725,273,4203,137,669,0,62,47,21,24,0,24,584,187,87,81,19.8,2.9,19,0.6,3,0,0.3,0.2,0.1,0.1,0,0.2,2.6,0.8,0.4,0.4
01,Alabama,AL,01113,Russell County,01113,"Russell County, Alabama",641.1812496,58849,0,27382,69,23462,538,18594,1867,1574,402,7755,839,5904,677,6683,880,8769,152,14160,65,11977,797,2353,418,324,289,32926,314,1334,307,3602,565,256,139,2075,411,565,20,32,3.2,6.5,1.7,33.1,3.5,14.8,1.7,11.7,1.5,14.9,0.3,24.1,0.1,21,1.4,10,1.8,0.6,0.5,55.9,0.5,4.8,1.1,13.2,2.1,1,0.6,8.8,1.7,1,0,0.6818,0.7121,0.9848,0.3939,0.8636,3.6362,0.8939,0.0303,0.9697,0.7121,0.8788,0.5,3.0909,0.9091,0.8485,0.8485,0.8485,0.803,0.197,0.1818,0.8182,0.0909,2.0909,0.3333,9.6665,0.8182,0,0,1,0,0,1,0,1,0,0,0,1,0,0,0,0,0,0,0,0,2,47361,5874,559,26170,497,3451,0,459,122,88,69,58,85,2110,517,590,320,25,2.4,44.5,0.8,5.9,0,0.8,0.2,0.1,0.1,0.1,0.1,3.6,0.9,1,0.5
01,Alabama,AL,01115,St. Clair County,01115,"St. Clair County, Alabama",631.5700948,91719,0,38133,63,33838,473,14751,1827,1873,338,6067,673,8203,911,7368,980,15955,131,20453,51,14640,1216,1811,373,98,136,14147,169,415,166,8219,652,596,221,1104,257,2026,110,16.5,2,4.3,0.8,17.9,2,12.7,1.4,8.2,1.1,17.4,0.1,22.3,0.1,16.3,1.4,5.4,1.1,0.1,0.2,15.4,0.2,1.1,0.4,21.6,1.7,1.7,0.7,3.3,0.8,2.2,0.1,0.0152,0.3182,0.1212,0.2727,0.1515,0.8788,0.0606,0.2879,0.6364,0.2424,0.2576,0.1212,1.5455,0.0303,0.1364,0.1364,0.1364,0.303,0.5152,0.6061,0.0758,0.6667,2.1668,0.3788,4.7275,0.0303,0,0,0,0,0,0,0,0,0,0,0,0,0,0,0,0,0,0,0,0,0,68684,3509,467,8839,382,2325,0,373,210,290,118,61,95,1949,512,310,232,10.4,1.4,9.6,0.4,2.5,0,0.4,0.2,0.3,0.1,0.1,0.1,2.1,0.6,0.3,0.3
01,Alabama,AL,01117,Shelby County,01117,"Shelby County, Alabama",785.4397001,223916,0,89612,94,83776,713,25560,1928,3662,517,15843,960,9537,778,14104,1255,36181,0,51063,0,26615,1401,4132,422,2720,523,53997,564,6340,690,6954,482,821,218,2218,377,3689,83,11.6,0.9,3.1,0.4,18.9,1.1,6.2,0.5,6.4,0.6,16.2,0,22.8,0,12,0.6,5,0.5,1.3,0.2,24.1,0.3,7.1,0.8,7.8,0.5,1,0.3,2.6,0.4,1.6,0,0,0.0606,0.2424,0,0.0152,0.3182,0,0.1364,0.7273,0.0152,0.1818,0.8182,1.8789,0.1515,0.3333,0.3333,0.3333,0.8636,0.0606,0.1818,0.0152,0.4091,1.5303,0.0455,4.0607,0,0,0,0,0,0,0,0,0,0,0,0,0,0,0,0,0,0,0,0,0,0,201299,5988,588,29071,555,13195,0,4483,313,331,107,22,26,5775,655,1120,491,7.1,0.7,13,0.2,5.9,0,2,0.1,0.1,0.1,0,0.1,2.6,0.3,0.5,0.2
01,Alabama,AL,01119,Sumter County,01119,"Sumter County, Alabama",903.8257529,12196,0,6329,41,4798,218,4773,519,382,194,1289,249,823,275,1167,284,2269,0,2303,0,2441,414,522,133,52,94,9127,61,132,83,2020,261,60,48,371,152,1346,88,44.1,4.8,8.2,3.9,26.9,5,11.2,3.7,9.7,2.4,18.6,0,18.9,0,20.3,3.4,10.9,2.7,0.5,0.8,74.8,0.5,2.1,1.3,31.9,4.1,1.3,1,7.7,3.1,11,0.7,0.9242,0.8333,0.8485,0.1364,0.5152,3.2576,0.7727,0.3788,0.0303,0.5758,0.9242,0.4091,2.3182,0.3636,0.9394,0.9394,0.9394,0.5303,0.9091,0.3182,0.7576,0.9697,3.4849,0.9394,10.0001,0.8636,1,0,0,0,0,1,0,0,0,1,0,1,1,1,0,1,0,0,1,2,5,10874,1444,238,8813,116,85,75,41,46,10,18,0,20,178,112,0,20,30.1,4.7,72.3,1,0.7,0.6,0.3,0.4,0.1,0.1,0,0.3,1.5,0.9,0,0.3
01,Alabama,AL,01121,Talladega County,01121,"Talladega County, Alabama",736.8166397262399,81105,0,38088,77,32359,575,22920,1551,2934,415,7563,676,9637,773,7295,931,15066,95,16771,51,16725,999,2970,401,483,188,30601,127,742,219,9736,702,550,162,2484,412,3720,114,29.7,2,8.4,1.2,23.4,2,16.8,1.3,9.4,1.2,18.6,0.1,20.7,0.1,21.5,1.3,9.2,1.2,0.6,0.2,37.7,0.2,1.9,0.6,25.6,1.8,1.7,0.5,7.7,1.3,4.6,0.1,0.5606,0.8485,0.7424,0.5909,0.4091,3.1515,0.7273,0.3788,0.2424,0.7727,0.8636,0.5,2.7575,0.7424,0.6212,0.6212,0.6212,0.5,0.6667,0.6061,0.7576,0.8333,3.3637,0.9091,9.8939,0.8333,0,0,0,0,0,0,0,0,0,0,0,0,0,0,0,0,0,0,0,0,0,77634,5175,512,25788,401,1997,0,350,109,124,70,21,39,2287,411,34,36,16,1.5,31.8,0.5,2.5,0,0.4,0.1,0.2,0.1,0,0.1,2.8,0.5,0,0.1
01,Alabama,AL,01123,Tallapoosa County,01123,"Tallapoosa County, Alabama",716.5273198,41251,0,22777,50,16438,514,11122,998,1814,418,3271,427,5356,590,3877,617,9181,22,8410,74,8431,604,1446,328,392,145,12946,81,890,259,3810,452,225,150,1128,285,801,28,27.4,2.5,10.4,2.4,19.9,2.5,18.1,2,9.5,1.5,22.3,0.1,20.4,0.2,20.8,1.5,8.8,2,1,0.4,31.4,0.2,3.9,1.1,16.7,2,1.4,0.9,6.9,1.7,1.9,0.1,0.3788,0.9242,0.3485,0.7727,0.4394,2.8636,0.6212,0.9091,0.1364,0.6364,0.8333,0.7576,3.2728,0.9697,0.5152,0.5152,0.5152,0.7424,0.3333,0.4394,0.6364,0.5758,2.7273,0.6515,9.3789,0.7879,0,1,0,0,0,1,1,0,0,0,0,1,0,0,0,0,0,0,0,0,2,38545,3306,453,10927,201,1010,0,190,82,26,30,0,27,734,233,59,67,20.1,2.7,26.5,0.5,2.4,0,0.5,0.2,0.1,0.1,0,0.1,1.8,0.6,0.1,0.2
01,Alabama,AL,01125,Tuscaloosa County,01125,"Tuscaloosa County, Alabama",1320.847235790182,231558,0,101330,122,84743,788,56426,2524,6434,1083,23134,1254,13287,928,15344,1453,31567,167,47215,0,28597,1443,6314,699,1619,383,91505,211,17060,1018,9029,757,1409,383,4821,626,13226,272,25.9,1.2,5.5,0.9,27.3,1.5,9.4,0.7,6.7,0.6,13.6,0.1,20.4,0,12.5,0.6,7.5,0.8,0.7,0.2,39.5,0.1,16.9,1,8.9,0.7,1.7,0.5,5.7,0.7,5.7,0.1,0.2424,0.5455,0.8636,0.0758,0.0455,1.7728,0.2576,0.0152,0.1364,0.0303,0.6667,0.5606,1.4092,0.0152,0.6364,0.6364,0.6364,1,0.1061,0.6061,0.4394,0.8636,3.0152,0.7879,6.8336,0.2879,0,0,0,0,0,0,0,0,0,0,0,0,0,0,1,0,0,0,0,1,1,251651,11616,931,74051,800,9261,0,3654,258,156,86,24,38,4130,813,229,163,13.7,1.1,32,0.3,4,0,1.6,0.1,0.1,0.1,0,0.1,1.8,0.4,0.1,0.1
01,Alabama,AL,01127,Walker County,01127,"Walker County, Alabama",791.0294463,64978,0,30127,61,24718,459,17784,1585,1550,330,4472,484,7849,652,7793,830,12763,83,14409,84,15592,887,1502,293,321,207,8079,341,251,100,8613,608,340,143,1166,253,1028,35,28,2.5,5.7,1.2,18.1,1.9,17.3,1.4,12.1,1.3,19.6,0.1,22.2,0.1,24.3,1.4,6.1,1.2,0.5,0.3,12.4,0.5,0.8,0.3,28.6,2,1.4,0.6,4.7,1,1.6,0.1,0.4242,0.5758,0.1515,0.6061,0.9091,2.6667,0.5303,0.5152,0.6212,0.9242,0.4242,0.4091,2.8939,0.803,0.0909,0.0909,0.0909,0.1667,0.7879,0.4394,0.2424,0.4091,2.0455,0.303,7.697,0.4697,0,0,0,0,1,1,0,0,1,0,0,1,0,0,0,0,0,0,0,0,2,60342,4841,456,3890,270,1868,0,122,87,100,64,0,30,1839,349,260,233,19.6,1.8,6,0.4,2.9,0,0.2,0.1,0.2,0.1,0,0.1,2.8,0.5,0.4,0.4
01,Alabama,AL,01129,Washington County,01129,"Washington County, Alabama",1080.254933979568,15434,0,7779,67,5506,256,4613,649,379,202,826,189,1232,268,1413,337,3051,64,3180,109,2385,301,289,116,1,77,5350,31,2,20,2102,293,74,49,228,109,146,11,30.2,4.2,6.3,3.3,15,3.4,11.7,2.6,9.2,2.2,19.8,0.4,20.6,0.7,15.6,2,5.2,2.1,0,0.5,34.7,0.2,0,0.3,27,3.7,1.3,0.9,4.1,1.9,0.9,0.1,0.6364,0.697,0,0.1818,0.3636,1.8788,0.303,0.5758,0.2121,0.2121,0.197,0,1.197,0,0.5606,0.5606,0.5606,0,0.7424,0.3182,0.1515,0.0303,1.2424,0,4.8788,0.0455,0,0,0,0,0,0,0,0,0,0,0,0,0,0,0,0,0,0,0,0,0,11444,1558,264,3607,121,261,0,62,54,1042,181,0,20,358,204,20,31,28.3,4.5,23.4,0.8,1.7,0,0.4,0.4,6.8,1.2,0,0.2,2.3,1.3,0.1,0.2
01,Alabama,AL,01131,Wilcox County,01131,"Wilcox County, Alabama",887.8572085,10441,0,5314,39,3579,237,4516,504,401,157,861,183,1576,251,966,198,2169,0,2397,0,2175,270,399,135,48,98,7581,20,6,22,2006,197,96,58,487,128,207,39,44.2,4.9,10.7,4.2,24.1,4.9,22.3,3.7,9.4,1.9,20.8,0,23,0,21.2,2.6,11.2,3.7,0.5,100,72.6,0.2,0.1,0.4,37.7,3.7,2.7,1.6,13.6,3.3,2,0.4,0.9394,0.9394,0.7727,0.9545,0.4091,4.0151,0.9848,0.7424,0.803,0.7273,0.9394,0.4091,3.6212,1,0.9091,0.9091,0.9091,0.0303,0.9697,0.9242,0.9848,0.6364,3.5454,0.9545,12.0908,1,1,1,0,1,0,3,0,0,0,1,0,1,1,1,0,1,1,1,0,3,8,10405,967,175,7328,263,22,42,4,6,7,9,0,20,220,257,0,20,27,4.6,70.2,2.5,0.2,0.4,0,0.1,0.1,0.1,0,0.4,2.1,2.5,0,0.4
01,Alabama,AL,01133,Winston County,01133,"Winston County, Alabama",612.9977245,23655,0,13091,26,9103,351,6805,709,452,165,1692,282,3393,426,2628,505,5136,58,4785,14,5233,544,518,160,208,124,1821,228,143,93,3968,405,120,65,483,175,408,12,29.4,3.1,4.4,1.6,18.6,3,20,2.5,11.3,2.2,21.7,0.2,20.2,0.1,22.5,2.3,5.7,1.7,0.9,0.6,7.7,1,1.1,0.7,30.3,3.1,1.3,0.7,5.3,1.8,1.7,0.1,0.5303,0.3485,0.197,0.9091,0.8182,2.8031,0.5909,0.8636,0.1212,0.8333,0.3636,0.6515,2.8332,0.7727,0,0,0,0.303,0.8485,0.3182,0.3939,0.4545,2.3181,0.4545,7.9544,0.5606,0,0,0,1,0,1,0,0,0,0,0,0,0,0,0,0,0,0,0,0,1,22568,2075,263,263,110,768,0,105,50,43,37,0,24,642,256,0,24,22.8,2.8,1.1,0.5,3.2,0,0.4,0.2,0.2,0.2,0,0.2,2.7,1.1,0,0.2
